[
  {
    "date": "2015-10-16T09:50:00",
    "amount": 0.0,
    "unit": "mg/dL"
  },
  {
    "date": "2015-10-16T09:55:00",
    "amount": 3.0,
    "unit": "mg/dL"
  },
  {
    "date": "2015-10-16T10:00:00",
    "amount": 6.0,
    "unit": "mg/dL"
  },
  {
    "date": "2015-10-16T10:05:00",
    "amount": 9.0,
    "unit": "mg/dL"
  },
  {
    "date": "2015-10-16T10:10:00",
    "amount": 12.0,
    "unit": "mg/dL"
  },
  {
    "date": "2015-10-16T10:15:00",
    "amount": 15.0,
    "unit": "mg/dL"
  },
  {
    "date": "2015-10-16T10:20:00",
    "amount": 18.0,
    "unit": "mg/dL"
  }
]
