[
  {
    "date": "2015-10-16T09:50:00",
    "amount": -11.0,
    "unit": "mg/dL"
  },
  {
    "date": "2015-10-16T09:55:00",
    "amount": -14.0,
    "unit": "mg/dL"
  },
  {
    "date": "2015-10-16T10:00:00",
    "amount": -17.0,
    "unit": "mg/dL"
  },
  {
    "date": "2015-10-16T10:05:00",
    "amount": -20.0,
    "unit": "mg/dL"
  },
  {
    "date": "2015-10-16T10:10:00",
    "amount": -23.0,
    "unit": "mg/dL"
  },
  {
    "date": "2015-10-16T10:15:00",
    "amount": -26.0,
    "unit": "mg/dL"
  },
  {
    "date": "2015-10-16T10:20:00",
    "amount": -29.0,
    "unit": "mg/dL"
  }
]
