[
  {
    "date": "2015-10-16T05:55:00", 
    "amount": 0.0, 
    "unit": "mg/dL"
  }, 
  {
    "date": "2015-10-16T06:00:00", 
    "amount": 0.0, 
    "unit": "mg/dL"
  }, 
  {
    "date": "2015-10-16T06:05:00", 
    "amount": 0.0, 
    "unit": "mg/dL"
  }, 
  {
    "date": "2015-10-16T06:10:00", 
    "amount": 0.0, 
    "unit": "mg/dL"
  }, 
  {
    "date": "2015-10-16T06:15:00", 
    "amount": 0.0, 
    "unit": "mg/dL"
  }, 
  {
    "date": "2015-10-16T06:20:00", 
    "amount": 0.0, 
    "unit": "mg/dL"
  }, 
  {
    "date": "2015-10-16T06:25:00", 
    "amount": 0.0, 
    "unit": "mg/dL"
  }, 
  {
    "date": "2015-10-16T06:30:00", 
    "amount": 0.0, 
    "unit": "mg/dL"
  }, 
  {
    "date": "2015-10-16T06:35:00", 
    "amount": 0.0, 
    "unit": "mg/dL"
  }, 
  {
    "date": "2015-10-16T06:40:00", 
    "amount": 0.0, 
    "unit": "mg/dL"
  }, 
  {
    "date": "2015-10-16T06:45:00", 
    "amount": 0.0, 
    "unit": "mg/dL"
  }, 
  {
    "date": "2015-10-16T06:50:00", 
    "amount": 0.0, 
    "unit": "mg/dL"
  }, 
  {
    "date": "2015-10-16T06:55:00", 
    "amount": 0.0, 
    "unit": "mg/dL"
  }, 
  {
    "date": "2015-10-16T07:00:00", 
    "amount": 0.0, 
    "unit": "mg/dL"
  }, 
  {
    "date": "2015-10-16T07:05:00", 
    "amount": 0.0, 
    "unit": "mg/dL"
  }, 
  {
    "date": "2015-10-16T07:10:00", 
    "amount": 0.0, 
    "unit": "mg/dL"
  }, 
  {
    "date": "2015-10-16T07:15:00", 
    "amount": 0.0, 
    "unit": "mg/dL"
  }, 
  {
    "date": "2015-10-16T07:20:00", 
    "amount": 0.0, 
    "unit": "mg/dL"
  }, 
  {
    "date": "2015-10-16T07:25:00", 
    "amount": 0.0, 
    "unit": "mg/dL"
  }, 
  {
    "date": "2015-10-16T07:30:00", 
    "amount": 0.0, 
    "unit": "mg/dL"
  }, 
  {
    "date": "2015-10-16T07:35:00", 
    "amount": 0.0, 
    "unit": "mg/dL"
  }, 
  {
    "date": "2015-10-16T07:40:00", 
    "amount": 0.0, 
    "unit": "mg/dL"
  }, 
  {
    "date": "2015-10-16T07:45:00", 
    "amount": 0.0, 
    "unit": "mg/dL"
  }, 
  {
    "date": "2015-10-16T07:50:00", 
    "amount": 0.0, 
    "unit": "mg/dL"
  }, 
  {
    "date": "2015-10-16T07:55:00", 
    "amount": 0.0, 
    "unit": "mg/dL"
  }, 
  {
    "date": "2015-10-16T08:00:00", 
    "amount": 0.0, 
    "unit": "mg/dL"
  }, 
  {
    "date": "2015-10-16T08:05:00", 
    "amount": 0.0, 
    "unit": "mg/dL"
  }, 
  {
    "date": "2015-10-16T08:10:00", 
    "amount": 0.0, 
    "unit": "mg/dL"
  }, 
  {
    "date": "2015-10-16T08:15:00", 
    "amount": 0.0, 
    "unit": "mg/dL"
  }, 
  {
    "date": "2015-10-16T08:20:00", 
    "amount": 0.0, 
    "unit": "mg/dL"
  }, 
  {
    "date": "2015-10-16T08:25:00", 
    "amount": 0.0, 
    "unit": "mg/dL"
  }, 
  {
    "date": "2015-10-16T08:30:00", 
    "amount": 0.0, 
    "unit": "mg/dL"
  }, 
  {
    "date": "2015-10-16T08:35:00", 
    "amount": 0.0, 
    "unit": "mg/dL"
  }, 
  {
    "date": "2015-10-16T08:40:00", 
    "amount": 0.0, 
    "unit": "mg/dL"
  }, 
  {
    "date": "2015-10-16T08:45:00", 
    "amount": 0.0, 
    "unit": "mg/dL"
  }, 
  {
    "date": "2015-10-16T08:50:00", 
    "amount": 0.0, 
    "unit": "mg/dL"
  }, 
  {
    "date": "2015-10-16T08:55:00", 
    "amount": 0.0, 
    "unit": "mg/dL"
  }, 
  {
    "date": "2015-10-16T09:00:00", 
    "amount": 0.0, 
    "unit": "mg/dL"
  }, 
  {
    "date": "2015-10-16T09:05:00", 
    "amount": 0.0, 
    "unit": "mg/dL"
  }, 
  {
    "date": "2015-10-16T09:10:00", 
    "amount": 0.0, 
    "unit": "mg/dL"
  }, 
  {
    "date": "2015-10-16T09:15:00", 
    "amount": 0.0, 
    "unit": "mg/dL"
  }, 
  {
    "date": "2015-10-16T09:20:00", 
    "amount": 0.0, 
    "unit": "mg/dL"
  }, 
  {
    "date": "2015-10-16T09:25:00", 
    "amount": 0.0, 
    "unit": "mg/dL"
  }, 
  {
    "date": "2015-10-16T09:30:00", 
    "amount": 0.0, 
    "unit": "mg/dL"
  }, 
  {
    "date": "2015-10-16T09:35:00", 
    "amount": 0.0, 
    "unit": "mg/dL"
  }, 
  {
    "date": "2015-10-16T09:40:00", 
    "amount": 0.0, 
    "unit": "mg/dL"
  }, 
  {
    "date": "2015-10-16T09:45:00", 
    "amount": 0.0, 
    "unit": "mg/dL"
  }, 
  {
    "date": "2015-10-16T09:50:00", 
    "amount": 0.0, 
    "unit": "mg/dL"
  }, 
  {
    "date": "2015-10-16T09:55:00", 
    "amount": 0.08920096021947878, 
    "unit": "mg/dL"
  }, 
  {
    "date": "2015-10-16T10:00:00", 
    "amount": 0.6130692729766802, 
    "unit": "mg/dL"
  }, 
  {
    "date": "2015-10-16T10:05:00", 
    "amount": 1.6060733882030176, 
    "unit": "mg/dL"
  }, 
  {
    "date": "2015-10-16T10:10:00", 
    "amount": 3.0682133058984906, 
    "unit": "mg/dL"
  }, 
  {
    "date": "2015-10-16T10:15:00", 
    "amount": 4.999489026063102, 
    "unit": "mg/dL"
  }, 
  {
    "date": "2015-10-16T10:20:00", 
    "amount": 7.399900548696846, 
    "unit": "mg/dL"
  }, 
  {
    "date": "2015-10-16T10:25:00", 
    "amount": 10.269447873799727, 
    "unit": "mg/dL"
  }, 
  {
    "date": "2015-10-16T10:30:00", 
    "amount": 13.608131001371746, 
    "unit": "mg/dL"
  }, 
  {
    "date": "2015-10-16T10:35:00", 
    "amount": 17.415949931412896, 
    "unit": "mg/dL"
  }, 
  {
    "date": "2015-10-16T10:40:00", 
    "amount": 21.692904663923187, 
    "unit": "mg/dL"
  }, 
  {
    "date": "2015-10-16T10:45:00", 
    "amount": 26.438995198902607, 
    "unit": "mg/dL"
  }, 
  {
    "date": "2015-10-16T10:50:00", 
    "amount": 31.65422153635116, 
    "unit": "mg/dL"
  }, 
  {
    "date": "2015-10-16T10:55:00", 
    "amount": 37.33858367626886, 
    "unit": "mg/dL"
  }, 
  {
    "date": "2015-10-16T11:00:00", 
    "amount": 43.49208161865569, 
    "unit": "mg/dL"
  }, 
  {
    "date": "2015-10-16T11:05:00", 
    "amount": 50.11471536351166, 
    "unit": "mg/dL"
  }, 
  {
    "date": "2015-10-16T11:10:00", 
    "amount": 57.20648491083676, 
    "unit": "mg/dL"
  }, 
  {
    "date": "2015-10-16T11:15:00", 
    "amount": 64.767390260631, 
    "unit": "mg/dL"
  }, 
  {
    "date": "2015-10-16T11:20:00", 
    "amount": 72.79743141289437, 
    "unit": "mg/dL"
  }, 
  {
    "date": "2015-10-16T11:25:00", 
    "amount": 81.11820644718794, 
    "unit": "mg/dL"
  }, 
  {
    "date": "2015-10-16T11:30:00", 
    "amount": 89.03878257887516, 
    "unit": "mg/dL"
  }, 
  {
    "date": "2015-10-16T11:35:00", 
    "amount": 96.49022290809329, 
    "unit": "mg/dL"
  }, 
  {
    "date": "2015-10-16T11:40:00", 
    "amount": 103.47252743484226, 
    "unit": "mg/dL"
  }, 
  {
    "date": "2015-10-16T11:45:00", 
    "amount": 109.98569615912207, 
    "unit": "mg/dL"
  }, 
  {
    "date": "2015-10-16T11:50:00", 
    "amount": 116.02972908093281, 
    "unit": "mg/dL"
  }, 
  {
    "date": "2015-10-16T11:55:00", 
    "amount": 121.60462620027438, 
    "unit": "mg/dL"
  }, 
  {
    "date": "2015-10-16T12:00:00", 
    "amount": 126.71038751714674, 
    "unit": "mg/dL"
  }, 
  {
    "date": "2015-10-16T12:05:00", 
    "amount": 131.34701303155006, 
    "unit": "mg/dL"
  }, 
  {
    "date": "2015-10-16T12:10:00", 
    "amount": 135.51450274348426, 
    "unit": "mg/dL"
  }, 
  {
    "date": "2015-10-16T12:15:00", 
    "amount": 139.21285665294928, 
    "unit": "mg/dL"
  }, 
  {
    "date": "2015-10-16T12:20:00", 
    "amount": 142.44207475994514, 
    "unit": "mg/dL"
  }, 
  {
    "date": "2015-10-16T12:25:00", 
    "amount": 145.20215706447186, 
    "unit": "mg/dL"
  }, 
  {
    "date": "2015-10-16T12:30:00", 
    "amount": 147.4931035665295, 
    "unit": "mg/dL"
  }, 
  {
    "date": "2015-10-16T12:35:00", 
    "amount": 149.31491426611802, 
    "unit": "mg/dL"
  }, 
  {
    "date": "2015-10-16T12:40:00", 
    "amount": 150.66758916323732, 
    "unit": "mg/dL"
  }, 
  {
    "date": "2015-10-16T12:45:00", 
    "amount": 151.5511282578875, 
    "unit": "mg/dL"
  }, 
  {
    "date": "2015-10-16T12:50:00", 
    "amount": 151.9655315500686, 
    "unit": "mg/dL"
  }, 
  {
    "date": "2015-10-16T12:55:00", 
    "amount": 152.0, 
    "unit": "mg/dL"
  }, 
  {
    "date": "2015-10-16T13:00:00", 
    "amount": 152.0, 
    "unit": "mg/dL"
  }, 
  {
    "date": "2015-10-16T13:05:00", 
    "amount": 152.0, 
    "unit": "mg/dL"
  }, 
  {
    "date": "2015-10-16T13:10:00", 
    "amount": 152.0, 
    "unit": "mg/dL"
  }, 
  {
    "date": "2015-10-16T13:15:00", 
    "amount": 152.0, 
    "unit": "mg/dL"
  }, 
  {
    "date": "2015-10-16T13:20:00", 
    "amount": 152.0, 
    "unit": "mg/dL"
  }, 
  {
    "date": "2015-10-16T13:25:00", 
    "amount": 152.0, 
    "unit": "mg/dL"
  }, 
  {
    "date": "2015-10-16T13:30:00", 
    "amount": 152.0, 
    "unit": "mg/dL"
  }, 
  {
    "date": "2015-10-16T13:35:00", 
    "amount": 152.0, 
    "unit": "mg/dL"
  }
]