[
    {
        "startDate": "2016-03-05T00:03:14-0800",
        "unit": "mg/dL",
        "value": 178
    },
    {
        "startDate": "2016-03-05T00:05:00-0800",
        "unit": "mg/dL",
        "value": 178
    },
    {
        "startDate": "2016-03-05T00:10:00-0800",
        "unit": "mg/dL",
        "value": 181.7740384031924
    },
    {
        "startDate": "2016-03-05T00:15:00-0800",
        "unit": "mg/dL",
        "value": 184.5509412540002
    },
    {
        "startDate": "2016-03-05T00:20:00-0800",
        "unit": "mg/dL",
        "value": 186.3549724334562
    },
    {
        "startDate": "2016-03-05T00:25:00-0800",
        "unit": "mg/dL",
        "value": 187.2017658669863
    },
    {
        "startDate": "2016-03-05T00:30:00-0800",
        "unit": "mg/dL",
        "value": 186.7973828255941
    },
    {
        "startDate": "2016-03-05T00:35:00-0800",
        "unit": "mg/dL",
        "value": 185.6710903559803
    },
    {
        "startDate": "2016-03-05T00:40:00-0800",
        "unit": "mg/dL",
        "value": 185.3849156262279
    },
    {
        "startDate": "2016-03-05T00:45:00-0800",
        "unit": "mg/dL",
        "value": 185.2782669011887
    },
    {
        "startDate": "2016-03-05T00:50:00-0800",
        "unit": "mg/dL",
        "value": 184.5540996101439
    },
    {
        "startDate": "2016-03-05T00:55:00-0800",
        "unit": "mg/dL",
        "value": 183.2725350299922
    },
    {
        "startDate": "2016-03-05T01:00:00-0800",
        "unit": "mg/dL",
        "value": 181.4404570407656
    },
    {
        "startDate": "2016-03-05T01:05:00-0800",
        "unit": "mg/dL",
        "value": 178.9723666142475
    },
    {
        "startDate": "2016-03-05T01:10:00-0800",
        "unit": "mg/dL",
        "value": 175.8838758679096
    },
    {
        "startDate": "2016-03-05T01:15:00-0800",
        "unit": "mg/dL",
        "value": 172.1823332935188
    },
    {
        "startDate": "2016-03-05T01:20:00-0800",
        "unit": "mg/dL",
        "value": 167.9618093931839
    },
    {
        "startDate": "2016-03-05T01:25:00-0800",
        "unit": "mg/dL",
        "value": 163.5661826220732
    },
    {
        "startDate": "2016-03-05T01:30:00-0800",
        "unit": "mg/dL",
        "value": 159.0411687268914
    },
    {
        "startDate": "2016-03-05T01:35:00-0800",
        "unit": "mg/dL",
        "value": 154.424454443887
    },
    {
        "startDate": "2016-03-05T01:40:00-0800",
        "unit": "mg/dL",
        "value": 149.894176033335
    },
    {
        "startDate": "2016-03-05T01:45:00-0800",
        "unit": "mg/dL",
        "value": 145.4798585155161
    },
    {
        "startDate": "2016-03-05T01:50:00-0800",
        "unit": "mg/dL",
        "value": 141.189305057865
    },
    {
        "startDate": "2016-03-05T01:55:00-0800",
        "unit": "mg/dL",
        "value": 137.0291903498172
    },
    {
        "startDate": "2016-03-05T02:00:00-0800",
        "unit": "mg/dL",
        "value": 133.0050473628078
    },
    {
        "startDate": "2016-03-05T02:05:00-0800",
        "unit": "mg/dL",
        "value": 129.1212541102719
    },
    {
        "startDate": "2016-03-05T02:10:00-0800",
        "unit": "mg/dL",
        "value": 125.3810204076446
    },
    {
        "startDate": "2016-03-05T02:15:00-0800",
        "unit": "mg/dL",
        "value": 121.786374632361
    },
    {
        "startDate": "2016-03-05T02:20:00-0800",
        "unit": "mg/dL",
        "value": 118.3457289707806
    },
    {
        "startDate": "2016-03-05T02:25:00-0800",
        "unit": "mg/dL",
        "value": 115.0281519909867
    },
    {
        "startDate": "2016-03-05T02:30:00-0800",
        "unit": "mg/dL",
        "value": 111.968592965886
    },
    {
        "startDate": "2016-03-05T02:35:00-0800",
        "unit": "mg/dL",
        "value": 108.9798458315503
    },
    {
        "startDate": "2016-03-05T02:40:00-0800",
        "unit": "mg/dL",
        "value": 106.9044680300533
    },
    {
        "startDate": "2016-03-05T02:45:00-0800",
        "unit": "mg/dL",
        "value": 105.0209597643166
    },
    {
        "startDate": "2016-03-05T02:50:00-0800",
        "unit": "mg/dL",
        "value": 103.3016577545596
    },
    {
        "startDate": "2016-03-05T02:55:00-0800",
        "unit": "mg/dL",
        "value": 101.7800921022429
    },
    {
        "startDate": "2016-03-05T03:00:00-0800",
        "unit": "mg/dL",
        "value": 100.4270397443528
    },
    {
        "startDate": "2016-03-05T03:05:00-0800",
        "unit": "mg/dL",
        "value": 99.23462243648973
    },
    {
        "startDate": "2016-03-05T03:10:00-0800",
        "unit": "mg/dL",
        "value": 98.19497833425302
    },
    {
        "startDate": "2016-03-05T03:15:00-0800",
        "unit": "mg/dL",
        "value": 97.30534087031887
    },
    {
        "startDate": "2016-03-05T03:20:00-0800",
        "unit": "mg/dL",
        "value": 96.51178708387565
    },
    {
        "startDate": "2016-03-05T03:25:00-0800",
        "unit": "mg/dL",
        "value": 95.85017812605915
    },
    {
        "startDate": "2016-03-05T03:30:00-0800",
        "unit": "mg/dL",
        "value": 95.31294516646912
    },
    {
        "startDate": "2016-03-05T03:35:00-0800",
        "unit": "mg/dL",
        "value": 94.89274761470577
    },
    {
        "startDate": "2016-03-05T03:40:00-0800",
        "unit": "mg/dL",
        "value": 94.58755199744527
    },
    {
        "startDate": "2016-03-05T03:45:00-0800",
        "unit": "mg/dL",
        "value": 94.34941282495114
    },
    {
        "startDate": "2016-03-05T03:50:00-0800",
        "unit": "mg/dL",
        "value": 94.16911508594782
    },
    {
        "startDate": "2016-03-05T03:55:00-0800",
        "unit": "mg/dL",
        "value": 94.08888685664724
    },
    {
        "startDate": "2016-03-05T04:00:00-0800",
        "unit": "mg/dL",
        "value": 94.06656415238936
    },
    {
        "startDate": "2016-03-05T04:05:00-0800",
        "unit": "mg/dL",
        "value": 94.05761236763797
    },
    {
        "startDate": "2016-03-05T04:10:00-0800",
        "unit": "mg/dL",
        "value": 94.06094993704434
    },
    {
        "startDate": "2016-03-05T04:15:00-0800",
        "unit": "mg/dL",
        "value": 94.06820220995527
    },
    {
        "startDate": "2016-03-05T04:20:00-0800",
        "unit": "mg/dL",
        "value": 94.09649566024731
    },
    {
        "startDate": "2016-03-05T04:25:00-0800",
        "unit": "mg/dL",
        "value": 94.08358697293832
    },
    {
        "startDate": "2016-03-05T04:30:00-0800",
        "unit": "mg/dL",
        "value": 94.08358697293832
    }
]