[
  {
    "date": "2015-10-30T09:15:00",
    "amount": -96.64432176805616,
    "unit": "mg/dL"
  },
  {
    "date": "2015-10-30T09:20:00",
    "amount": -96.91899878577772,
    "unit": "mg/dL"
  },
  {
    "date": "2015-10-30T09:25:00",
    "amount": -97.14706680030386,
    "unit": "mg/dL"
  },
  {
    "date": "2015-10-30T09:30:00",
    "amount": -97.30954106615258,
    "unit": "mg/dL"
  },
  {
    "date": "2015-10-30T09:35:00",
    "amount": -97.40780654695538,
    "unit": "mg/dL"
  },
  {
    "date": "2015-10-30T09:40:00",
    "amount": -97.44702440741187,
    "unit": "mg/dL"
  },
  {
    "date": "2015-10-30T09:45:00",
    "amount": -97.428432128785,
    "unit": "mg/dL"
  }
]
