[
    {
        "value": 345.692710028959,
        "startDate": "2016-03-05T00:05:00-0800",
        "unit": "mg/dL"
    },
    {
        "value": 357.4968709800336,
        "startDate": "2016-03-05T00:10:00-0800",
        "unit": "mg/dL"
    },
    {
        "value": 368.2585079256211,
        "startDate": "2016-03-05T00:15:00-0800",
        "unit": "mg/dL"
    },
    {
        "value": 377.9776208657216,
        "startDate": "2016-03-05T00:20:00-0800",
        "unit": "mg/dL"
    },
    {
        "value": 386.6542098003353,
        "startDate": "2016-03-05T00:25:00-0800",
        "unit": "mg/dL"
    },
    {
        "value": 394.2882747294619,
        "startDate": "2016-03-05T00:30:00-0800",
        "unit": "mg/dL"
    },
    {
        "value": 400.9472251181222,
        "startDate": "2016-03-05T00:35:00-0800",
        "unit": "mg/dL"
    },
    {
        "value": 406.9048840115836,
        "startDate": "2016-03-05T00:40:00-0800",
        "unit": "mg/dL"
    },
    {
        "value": 412.1903892699285,
        "startDate": "2016-03-05T00:45:00-0800",
        "unit": "mg/dL"
    },
    {
        "value": 416.8037408931565,
        "startDate": "2016-03-05T00:50:00-0800",
        "unit": "mg/dL"
    },
    {
        "value": 420.7449388812682,
        "startDate": "2016-03-05T00:55:00-0800",
        "unit": "mg/dL"
    },
    {
        "value": 424.013983234263,
        "startDate": "2016-03-05T01:00:00-0800",
        "unit": "mg/dL"
    },
    {
        "value": 426.6108739521414,
        "startDate": "2016-03-05T01:05:00-0800",
        "unit": "mg/dL"
    },
    {
        "value": 428.5356110349032,
        "startDate": "2016-03-05T01:10:00-0800",
        "unit": "mg/dL"
    },
    {
        "value": 429.7881944825484,
        "startDate": "2016-03-05T01:15:00-0800",
        "unit": "mg/dL"
    },
    {
        "value": 430.461332114007,
        "startDate": "2016-03-05T01:20:00-0800",
        "unit": "mg/dL"
    },
    {
        "value": 430.885657674135,
        "startDate": "2016-03-05T01:25:00-0800",
        "unit": "mg/dL"
    },
    {
        "value": 431.0905044962657,
        "startDate": "2016-03-05T01:30:00-0800",
        "unit": "mg/dL"
    },
    {
        "value": 431.1111111111111,
        "startDate": "2016-03-05T01:35:00-0800",
        "unit": "mg/dL"
    },
    {
        "value": 431.1111111111111,
        "startDate": "2016-03-05T01:40:00-0800",
        "unit": "mg/dL"
    },
    {
        "value": 431.1111111111111,
        "startDate": "2016-03-05T01:45:00-0800",
        "unit": "mg/dL"
    },
    {
        "value": 431.1111111111111,
        "startDate": "2016-03-05T01:50:00-0800",
        "unit": "mg/dL"
    },
    {
        "value": 431.1111111111111,
        "startDate": "2016-03-05T01:55:00-0800",
        "unit": "mg/dL"
    },
    {
        "value": 431.1111111111111,
        "startDate": "2016-03-05T02:00:00-0800",
        "unit": "mg/dL"
    },
    {
        "value": 431.1111111111111,
        "startDate": "2016-03-05T02:05:00-0800",
        "unit": "mg/dL"
    },
    {
        "value": 431.1111111111111,
        "startDate": "2016-03-05T02:10:00-0800",
        "unit": "mg/dL"
    },
    {
        "value": 431.1111111111111,
        "startDate": "2016-03-05T02:15:00-0800",
        "unit": "mg/dL"
    },
    {
        "value": 431.1111111111111,
        "startDate": "2016-03-05T02:20:00-0800",
        "unit": "mg/dL"
    },
    {
        "value": 431.1111111111111,
        "startDate": "2016-03-05T02:25:00-0800",
        "unit": "mg/dL"
    },
    {
        "value": 431.1111111111111,
        "startDate": "2016-03-05T02:30:00-0800",
        "unit": "mg/dL"
    },
    {
        "value": 431.1111111111111,
        "startDate": "2016-03-05T02:35:00-0800",
        "unit": "mg/dL"
    }
]