[
  {
    "value": -262.7985192241191,
    "startDate": "2016-03-05T00:05:00-0800",
    "unit": "mg/dL"
  },
  {
    "value": -270.8286417720012,
    "startDate": "2016-03-05T00:10:00-0800",
    "unit": "mg/dL"
  },
  {
    "value": -278.8133758667809,
    "startDate": "2016-03-05T00:15:00-0800",
    "unit": "mg/dL"
  },
  {
    "value": -286.7284576274255,
    "startDate": "2016-03-05T00:20:00-0800",
    "unit": "mg/dL"
  },
  {
    "value": -294.5582531285091,
    "startDate": "2016-03-05T00:25:00-0800",
    "unit": "mg/dL"
  },
  {
    "value": -302.5967010990278,
    "startDate": "2016-03-05T00:30:00-0800",
    "unit": "mg/dL"
  },
  {
    "value": -310.381943957302,
    "startDate": "2016-03-05T00:35:00-0800",
    "unit": "mg/dL"
  },
  {
    "value": -316.6257775805158,
    "startDate": "2016-03-05T00:40:00-0800",
    "unit": "mg/dL"
  },
  {
    "value": -322.0179315638999,
    "startDate": "2016-03-05T00:45:00-0800",
    "unit": "mg/dL"
  },
  {
    "value": -327.3554504781727,
    "startDate": "2016-03-05T00:50:00-0800",
    "unit": "mg/dL"
  },
  {
    "value": -332.5782130464361,
    "startDate": "2016-03-05T00:55:00-0800",
    "unit": "mg/dL"
  },
  {
    "value": -337.6793353886575,
    "startDate": "2016-03-05T01:00:00-0800",
    "unit": "mg/dL"
  },
  {
    "value": -342.7443165330539,
    "startDate": "2016-03-05T01:05:00-0800",
    "unit": "mg/dL"
  },
  {
    "value": -347.7575443621537,
    "startDate": "2016-03-05T01:10:00-0800",
    "unit": "mg/dL"
  },
  {
    "value": -352.7116703841897,
    "startDate": "2016-03-05T01:15:00-0800",
    "unit": "mg/dL"
  },
  {
    "value": -357.6053319159832,
    "startDate": "2016-03-05T01:20:00-0800",
    "unit": "mg/dL"
  },
  {
    "value": -362.4252842472219,
    "startDate": "2016-03-05T01:25:00-0800",
    "unit": "mg/dL"
  },
  {
    "value": -367.1551449645343,
    "startDate": "2016-03-05T01:30:00-0800",
    "unit": "mg/dL"
  },
  {
    "value": -371.7924658623842,
    "startDate": "2016-03-05T01:35:00-0800",
    "unit": "mg/dL"
  },
  {
    "value": -376.3227442729362,
    "startDate": "2016-03-05T01:40:00-0800",
    "unit": "mg/dL"
  },
  {
    "value": -380.7370617907551,
    "startDate": "2016-03-05T01:45:00-0800",
    "unit": "mg/dL"
  },
  {
    "value": -385.0276152484062,
    "startDate": "2016-03-05T01:50:00-0800",
    "unit": "mg/dL"
  },
  {
    "value": -389.187729956454,
    "startDate": "2016-03-05T01:55:00-0800",
    "unit": "mg/dL"
  },
  {
    "value": -393.2118729434634,
    "startDate": "2016-03-05T02:00:00-0800",
    "unit": "mg/dL"
  },
  {
    "value": -397.0956661959993,
    "startDate": "2016-03-05T02:05:00-0800",
    "unit": "mg/dL"
  },
  {
    "value": -400.8358998986266,
    "startDate": "2016-03-05T02:10:00-0800",
    "unit": "mg/dL"
  },
  {
    "value": -404.4305456739103,
    "startDate": "2016-03-05T02:15:00-0800",
    "unit": "mg/dL"
  },
  {
    "value": -407.8711913354906,
    "startDate": "2016-03-05T02:20:00-0800",
    "unit": "mg/dL"
  },
  {
    "value": -411.1887683152845,
    "startDate": "2016-03-05T02:25:00-0800",
    "unit": "mg/dL"
  },
  {
    "value": -414.2483273403853,
    "startDate": "2016-03-05T02:30:00-0800",
    "unit": "mg/dL"
  },
  {
    "value": -417.237074474721,
    "startDate": "2016-03-05T02:35:00-0800",
    "unit": "mg/dL"
  },
  {
    "value": -419.3124522762179,
    "startDate": "2016-03-05T02:40:00-0800",
    "unit": "mg/dL"
  },
  {
    "value": -421.1959605419546,
    "startDate": "2016-03-05T02:45:00-0800",
    "unit": "mg/dL"
  },
  {
    "value": -422.9152625517117,
    "startDate": "2016-03-05T02:50:00-0800",
    "unit": "mg/dL"
  },
  {
    "value": -424.4368282040283,
    "startDate": "2016-03-05T02:55:00-0800",
    "unit": "mg/dL"
  },
  {
    "value": -425.7898805619185,
    "startDate": "2016-03-05T03:00:00-0800",
    "unit": "mg/dL"
  },
  {
    "value": -426.9822978697815,
    "startDate": "2016-03-05T03:05:00-0800",
    "unit": "mg/dL"
  },
  {
    "value": -428.0219419720182,
    "startDate": "2016-03-05T03:10:00-0800",
    "unit": "mg/dL"
  },
  {
    "value": -428.9115794359523,
    "startDate": "2016-03-05T03:15:00-0800",
    "unit": "mg/dL"
  },
  {
    "value": -429.7051332223956,
    "startDate": "2016-03-05T03:20:00-0800",
    "unit": "mg/dL"
  },
  {
    "value": -430.3667421802121,
    "startDate": "2016-03-05T03:25:00-0800",
    "unit": "mg/dL"
  },
  {
    "value": -430.9039751398021,
    "startDate": "2016-03-05T03:30:00-0800",
    "unit": "mg/dL"
  },
  {
    "value": -431.3241726915655,
    "startDate": "2016-03-05T03:35:00-0800",
    "unit": "mg/dL"
  },
  {
    "value": -431.629368308826,
    "startDate": "2016-03-05T03:40:00-0800",
    "unit": "mg/dL"
  },
  {
    "value": -431.8675074813201,
    "startDate": "2016-03-05T03:45:00-0800",
    "unit": "mg/dL"
  },
  {
    "value": -432.0478052203234,
    "startDate": "2016-03-05T03:50:00-0800",
    "unit": "mg/dL"
  },
  {
    "value": -432.128033449624,
    "startDate": "2016-03-05T03:55:00-0800",
    "unit": "mg/dL"
  },
  {
    "value": -432.1503561538819,
    "startDate": "2016-03-05T04:00:00-0800",
    "unit": "mg/dL"
  },
  {
    "value": -432.1593079386333,
    "startDate": "2016-03-05T04:05:00-0800",
    "unit": "mg/dL"
  },
  {
    "value": -432.1559703692269,
    "startDate": "2016-03-05T04:10:00-0800",
    "unit": "mg/dL"
  },
  {
    "value": -432.1487180963159,
    "startDate": "2016-03-05T04:15:00-0800",
    "unit": "mg/dL"
  },
  {
    "value": -432.1204246460239,
    "startDate": "2016-03-05T04:20:00-0800",
    "unit": "mg/dL"
  },
  {
    "value": -432.1333333333329,
    "startDate": "2016-03-05T04:25:00-0800",
    "unit": "mg/dL"
  },
  {
    "value": -432.1333333333329,
    "startDate": "2016-03-05T04:30:00-0800",
    "unit": "mg/dL"
  }
]