[
  {
    "date": "2015-10-16T05:55:00", 
    "amount": 0.0, 
    "unit": "mg/dL"
  }, 
  {
    "date": "2015-10-16T06:00:00", 
    "amount": 0.0, 
    "unit": "mg/dL"
  }, 
  {
    "date": "2015-10-16T06:05:00", 
    "amount": 0.0, 
    "unit": "mg/dL"
  }, 
  {
    "date": "2015-10-16T06:10:00", 
    "amount": -0.05116973249986715, 
    "unit": "mg/dL"
  }, 
  {
    "date": "2015-10-16T06:15:00", 
    "amount": -0.05789217482631093, 
    "unit": "mg/dL"
  }, 
  {
    "date": "2015-10-16T06:20:00", 
    "amount": -0.07771134754398137, 
    "unit": "mg/dL"
  }, 
  {
    "date": "2015-10-16T06:25:00", 
    "amount": -0.09750451603513274, 
    "unit": "mg/dL"
  }, 
  {
    "date": "2015-10-16T06:30:00", 
    "amount": -0.12203773711068157, 
    "unit": "mg/dL"
  }, 
  {
    "date": "2015-10-16T06:35:00", 
    "amount": -0.15095055115286835, 
    "unit": "mg/dL"
  }, 
  {
    "date": "2015-10-16T06:40:00", 
    "amount": -0.1838927275472713, 
    "unit": "mg/dL"
  }, 
  {
    "date": "2015-10-16T06:45:00", 
    "amount": -0.22052426468279615, 
    "unit": "mg/dL"
  }, 
  {
    "date": "2015-10-16T06:50:00", 
    "amount": -0.24717183578216545, 
    "unit": "mg/dL"
  }, 
  {
    "date": "2015-10-16T06:55:00", 
    "amount": -0.2893144242175132, 
    "unit": "mg/dL"
  }, 
  {
    "date": "2015-10-16T07:00:00", 
    "amount": -0.2589871828832556, 
    "unit": "mg/dL"
  }, 
  {
    "date": "2015-10-16T07:05:00", 
    "amount": -0.29857264308450326, 
    "unit": "mg/dL"
  }, 
  {
    "date": "2015-10-16T07:10:00", 
    "amount": -0.22330600448031762, 
    "unit": "mg/dL"
  }, 
  {
    "date": "2015-10-16T07:15:00", 
    "amount": -0.24340112507542233, 
    "unit": "mg/dL"
  }, 
  {
    "date": "2015-10-16T07:20:00", 
    "amount": -0.25058050652147246, 
    "unit": "mg/dL"
  }, 
  {
    "date": "2015-10-16T07:25:00", 
    "amount": -0.24254143594819094, 
    "unit": "mg/dL"
  }, 
  {
    "date": "2015-10-16T07:30:00", 
    "amount": -0.21749871628061584, 
    "unit": "mg/dL"
  }, 
  {
    "date": "2015-10-16T07:35:00", 
    "amount": -0.1772099748720401, 
    "unit": "mg/dL"
  }, 
  {
    "date": "2015-10-16T07:40:00", 
    "amount": -0.12373296368553532, 
    "unit": "mg/dL"
  }, 
  {
    "date": "2015-10-16T07:45:00", 
    "amount": -0.05800053902807922, 
    "unit": "mg/dL"
  }, 
  {
    "date": "2015-10-16T07:50:00", 
    "amount": 0.019065916806689343, 
    "unit": "mg/dL"
  }, 
  {
    "date": "2015-10-16T07:55:00", 
    "amount": 0.10656982887179145, 
    "unit": "mg/dL"
  }, 
  {
    "date": "2015-10-16T08:00:00", 
    "amount": 0.5814672957555429, 
    "unit": "mg/dL"
  }, 
  {
    "date": "2015-10-16T08:05:00", 
    "amount": 0.6964983023063709, 
    "unit": "mg/dL"
  }, 
  {
    "date": "2015-10-16T08:10:00", 
    "amount": 0.839841951080192, 
    "unit": "mg/dL"
  }, 
  {
    "date": "2015-10-16T08:15:00", 
    "amount": 1.017714433545975, 
    "unit": "mg/dL"
  }, 
  {
    "date": "2015-10-16T08:20:00", 
    "amount": 1.2358473523026858, 
    "unit": "mg/dL"
  }, 
  {
    "date": "2015-10-16T08:25:00", 
    "amount": 1.4990738388257407, 
    "unit": "mg/dL"
  }, 
  {
    "date": "2015-10-16T08:30:00", 
    "amount": 2.4424187692212054, 
    "unit": "mg/dL"
  }, 
  {
    "date": "2015-10-16T08:35:00", 
    "amount": 2.803912423996154, 
    "unit": "mg/dL"
  }, 
  {
    "date": "2015-10-16T08:40:00", 
    "amount": 3.2220002596052173, 
    "unit": "mg/dL"
  }, 
  {
    "date": "2015-10-16T08:45:00", 
    "amount": 3.700352667321728, 
    "unit": "mg/dL"
  }, 
  {
    "date": "2015-10-16T08:50:00", 
    "amount": 4.242235634301219, 
    "unit": "mg/dL"
  }, 
  {
    "date": "2015-10-16T08:55:00", 
    "amount": 4.850524811081413, 
    "unit": "mg/dL"
  }, 
  {
    "date": "2015-10-16T09:00:00", 
    "amount": 5.5277195790822375, 
    "unit": "mg/dL"
  }, 
  {
    "date": "2015-10-16T09:05:00", 
    "amount": 6.275957118105808, 
    "unit": "mg/dL"
  }, 
  {
    "date": "2015-10-16T09:10:00", 
    "amount": 7.092719849613544, 
    "unit": "mg/dL"
  }, 
  {
    "date": "2015-10-16T09:15:00", 
    "amount": 7.966122324754094, 
    "unit": "mg/dL"
  }, 
  {
    "date": "2015-10-16T09:20:00", 
    "amount": 8.889869513880269, 
    "unit": "mg/dL"
  }, 
  {
    "date": "2015-10-16T09:25:00", 
    "amount": 9.55106827366706, 
    "unit": "mg/dL"
  }, 
  {
    "date": "2015-10-16T09:30:00", 
    "amount": 10.536493085687397, 
    "unit": "mg/dL"
  }, 
  {
    "date": "2015-10-16T09:35:00", 
    "amount": 10.93556951143635, 
    "unit": "mg/dL"
  }, 
  {
    "date": "2015-10-16T09:40:00", 
    "amount": 11.890699805221772, 
    "unit": "mg/dL"
  }, 
  {
    "date": "2015-10-16T09:45:00", 
    "amount": 12.81049769931439, 
    "unit": "mg/dL"
  }, 
  {
    "date": "2015-10-16T09:50:00", 
    "amount": 13.681466188886816, 
    "unit": "mg/dL"
  }, 
  {
    "date": "2015-10-16T09:55:00", 
    "amount": 13.910708100083081, 
    "unit": "mg/dL"
  }, 
  {
    "date": "2015-10-16T10:00:00", 
    "amount": 13.508961468585511, 
    "unit": "mg/dL"
  }, 
  {
    "date": "2015-10-16T10:05:00", 
    "amount": 12.466684146484779, 
    "unit": "mg/dL"
  }, 
  {
    "date": "2015-10-16T10:10:00", 
    "amount": 10.781837253440187, 
    "unit": "mg/dL"
  }, 
  {
    "date": "2015-10-16T10:15:00", 
    "amount": 9.0846795883076, 
    "unit": "mg/dL"
  }, 
  {
    "date": "2015-10-16T10:20:00", 
    "amount": 7.013205180933435, 
    "unit": "mg/dL"
  }, 
  {
    "date": "2015-10-16T10:25:00", 
    "amount": 4.568371172724007, 
    "unit": "mg/dL"
  }, 
  {
    "date": "2015-10-16T10:30:00", 
    "amount": 1.767024244038235, 
    "unit": "mg/dL"
  }, 
  {
    "date": "2015-10-16T10:35:00", 
    "amount": -1.3622394338251143, 
    "unit": "mg/dL"
  }, 
  {
    "date": "2015-10-16T10:40:00", 
    "amount": -4.785438162555244, 
    "unit": "mg/dL"
  }, 
  {
    "date": "2015-10-16T10:45:00", 
    "amount": -8.475077970817363, 
    "unit": "mg/dL"
  }, 
  {
    "date": "2015-10-16T10:50:00", 
    "amount": -12.404320524954366, 
    "unit": "mg/dL"
  }, 
  {
    "date": "2015-10-16T10:55:00", 
    "amount": -16.54706904749455, 
    "unit": "mg/dL"
  }, 
  {
    "date": "2015-10-16T11:00:00", 
    "amount": -20.880282108817163, 
    "unit": "mg/dL"
  }, 
  {
    "date": "2015-10-16T11:05:00", 
    "amount": -25.378865830960304, 
    "unit": "mg/dL"
  }, 
  {
    "date": "2015-10-16T11:10:00", 
    "amount": -30.02894037283888, 
    "unit": "mg/dL"
  }, 
  {
    "date": "2015-10-16T11:15:00", 
    "amount": -34.80866756164933, 
    "unit": "mg/dL"
  }, 
  {
    "date": "2015-10-16T11:20:00", 
    "amount": -39.69232924579666, 
    "unit": "mg/dL"
  }, 
  {
    "date": "2015-10-16T11:25:00", 
    "amount": -44.65904560451495, 
    "unit": "mg/dL"
  }, 
  {
    "date": "2015-10-16T11:30:00", 
    "amount": -49.687928735135834, 
    "unit": "mg/dL"
  }, 
  {
    "date": "2015-10-16T11:35:00", 
    "amount": -54.75929582600946, 
    "unit": "mg/dL"
  }, 
  {
    "date": "2015-10-16T11:40:00", 
    "amount": -59.84482763266896, 
    "unit": "mg/dL"
  }, 
  {
    "date": "2015-10-16T11:45:00", 
    "amount": -64.92715822050762, 
    "unit": "mg/dL"
  }, 
  {
    "date": "2015-10-16T11:50:00", 
    "amount": -69.98976050270197, 
    "unit": "mg/dL"
  }, 
  {
    "date": "2015-10-16T11:55:00", 
    "amount": -75.01694624021185, 
    "unit": "mg/dL"
  }, 
  {
    "date": "2015-10-16T12:00:00", 
    "amount": -79.9932139266723, 
    "unit": "mg/dL"
  }, 
  {
    "date": "2015-10-16T12:05:00", 
    "amount": -84.89974475270296, 
    "unit": "mg/dL"
  }, 
  {
    "date": "2015-10-16T12:10:00", 
    "amount": -89.7546057953877, 
    "unit": "mg/dL"
  }, 
  {
    "date": "2015-10-16T12:15:00", 
    "amount": -94.54389486544915, 
    "unit": "mg/dL"
  }, 
  {
    "date": "2015-10-16T12:20:00", 
    "amount": -99.25471446517622, 
    "unit": "mg/dL"
  }, 
  {
    "date": "2015-10-16T12:25:00", 
    "amount": -103.87808111694163, 
    "unit": "mg/dL"
  }, 
  {
    "date": "2015-10-16T12:30:00", 
    "amount": -108.39054448779835, 
    "unit": "mg/dL"
  }, 
  {
    "date": "2015-10-16T12:35:00", 
    "amount": -112.79562633788349, 
    "unit": "mg/dL"
  }, 
  {
    "date": "2015-10-16T12:40:00", 
    "amount": -117.0769986742359, 
    "unit": "mg/dL"
  }, 
  {
    "date": "2015-10-16T12:45:00", 
    "amount": -121.23136988437481, 
    "unit": "mg/dL"
  }, 
  {
    "date": "2015-10-16T12:50:00", 
    "amount": -125.25210996088262, 
    "unit": "mg/dL"
  }, 
  {
    "date": "2015-10-16T12:55:00", 
    "amount": -129.13368784015748, 
    "unit": "mg/dL"
  }, 
  {
    "date": "2015-10-16T13:00:00", 
    "amount": -132.87168546991376, 
    "unit": "mg/dL"
  }, 
  {
    "date": "2015-10-16T13:05:00", 
    "amount": -136.46281187668208, 
    "unit": "mg/dL"
  }, 
  {
    "date": "2015-10-16T13:10:00", 
    "amount": -139.91076109601062, 
    "unit": "mg/dL"
  }, 
  {
    "date": "2015-10-16T13:15:00", 
    "amount": -143.1920024921548, 
    "unit": "mg/dL"
  }, 
  {
    "date": "2015-10-16T13:20:00", 
    "amount": -146.2986738071368, 
    "unit": "mg/dL"
  }, 
  {
    "date": "2015-10-16T13:25:00", 
    "amount": -149.23710482648195, 
    "unit": "mg/dL"
  }, 
  {
    "date": "2015-10-16T13:30:00", 
    "amount": -152.01257516166288, 
    "unit": "mg/dL"
  }, 
  {
    "date": "2015-10-16T13:35:00", 
    "amount": -154.5675135333564, 
    "unit": "mg/dL"
  }, 
  {
    "date": "2015-10-16T13:40:00", 
    "amount": -156.9226367135027, 
    "unit": "mg/dL"
  }, 
  {
    "date": "2015-10-16T13:45:00", 
    "amount": -159.09407074832978, 
    "unit": "mg/dL"
  }, 
  {
    "date": "2015-10-16T13:50:00", 
    "amount": -161.0914402564, 
    "unit": "mg/dL"
  }, 
  {
    "date": "2015-10-16T13:55:00", 
    "amount": -163.0926823408534, 
    "unit": "mg/dL"
  }, 
  {
    "date": "2015-10-16T14:00:00", 
    "amount": -163.39678416635502, 
    "unit": "mg/dL"
  }, 
  {
    "date": "2015-10-16T14:05:00", 
    "amount": -163.65380824473786, 
    "unit": "mg/dL"
  }, 
  {
    "date": "2015-10-16T14:10:00", 
    "amount": -163.86314957675157, 
    "unit": "mg/dL"
  }, 
  {
    "date": "2015-10-16T14:15:00", 
    "amount": -164.02799500404936, 
    "unit": "mg/dL"
  }, 
  {
    "date": "2015-10-16T14:20:00", 
    "amount": -164.15136192522291, 
    "unit": "mg/dL"
  }, 
  {
    "date": "2015-10-16T14:25:00", 
    "amount": -164.2348489355287, 
    "unit": "mg/dL"
  }, 
  {
    "date": "2015-10-16T14:30:00", 
    "amount": -164.28097710009604, 
    "unit": "mg/dL"
  }, 
  {
    "date": "2015-10-16T14:35:00", 
    "amount": -164.2833333333333, 
    "unit": "mg/dL"
  }
]