[
  {
    "unit" : "mg\/dL",
    "date" : "2018-08-16 01:13:44 +0000",
    "value" : -7.9146779853452083
  },
  {
    "unit" : "mg\/dL",
    "date" : "2018-08-16 01:18:44 +0000",
    "value" : -5.9281656186007314
  },
  {
    "unit" : "mg\/dL",
    "date" : "2018-08-16 01:23:44 +0000",
    "value" : 1.2296261019331554
  },
  {
    "unit" : "mg\/dL",
    "date" : "2018-08-16 01:28:43 +0000",
    "value" : 1.4065989188792711
  },
  {
    "unit" : "mg\/dL",
    "date" : "2018-08-16 02:03:43 +0000",
    "value" : 6.0711968367636908
  },
  {
    "unit" : "mg\/dL",
    "date" : "2018-08-16 03:13:44 +0000",
    "value" : 1.7358764710254451
  },
  {
    "unit" : "mg\/dL",
    "date" : "2018-08-16 03:18:44 +0000",
    "value" : 0.5343295138009645
  },
  {
    "unit" : "mg\/dL",
    "date" : "2018-08-16 03:23:43 +0000",
    "value" : 1.4847123043985215
  },
  {
    "unit" : "mg\/dL",
    "date" : "2018-08-16 03:28:44 +0000",
    "value" : 1.6893378641238699
  },
  {
    "unit" : "mg\/dL",
    "date" : "2018-08-16 03:33:43 +0000",
    "value" : 6.042541334805744
  },
  {
    "unit" : "mg\/dL",
    "date" : "2018-08-16 03:38:43 +0000",
    "value" : -9.6914450613633392
  },
  {
    "unit" : "mg\/dL",
    "date" : "2018-08-16 03:43:44 +0000",
    "value" : 0.58142124976613774
  },
  {
    "unit" : "mg\/dL",
    "date" : "2018-08-16 03:48:43 +0000",
    "value" : -7.1923719688531209
  },
  {
    "unit" : "mg\/dL",
    "date" : "2018-08-16 03:53:44 +0000",
    "value" : -2.9941217788457295
  },
  {
    "unit" : "mg\/dL",
    "date" : "2018-08-16 03:58:43 +0000",
    "value" : -11.960291314911359
  },
  {
    "unit" : "mg\/dL",
    "date" : "2018-08-16 04:03:43 +0000",
    "value" : -1.2512705141339
  },
  {
    "unit" : "mg\/dL",
    "date" : "2018-08-16 04:08:43 +0000",
    "value" : -0.0014915619982254213
  },
  {
    "unit" : "mg\/dL",
    "date" : "2018-08-16 04:13:44 +0000",
    "value" : -0.0056015222217293825
  },
  {
    "unit" : "mg\/dL",
    "date" : "2018-08-16 04:18:43 +0000",
    "value" : 0.0052760433631586778
  },
  {
    "unit" : "mg\/dL",
    "date" : "2018-08-16 04:23:44 +0000",
    "value" : -0.0051133014060256166
  },
  {
    "unit" : "mg\/dL",
    "date" : "2018-08-16 04:28:44 +0000",
    "value" : 0.0025222980026429198
  },
  {
    "unit" : "mg\/dL",
    "date" : "2018-08-16 04:33:43 +0000",
    "value" : -1.7950225310593533
  }
]
