[
  {
    "value" : 3.6517114683289944,
    "date" : "2018-08-26 00:48:28 +0000",
    "unit" : "mg\/dL"
  },
  {
    "value" : 3.5831456523646765,
    "date" : "2018-08-26 00:53:28 +0000",
    "unit" : "mg\/dL"
  },
  {
    "value" : 1.4811396601622886,
    "date" : "2018-08-26 00:58:28 +0000",
    "unit" : "mg\/dL"
  },
  {
    "value" : 1.3650980083318285,
    "date" : "2018-08-26 01:03:27 +0000",
    "unit" : "mg\/dL"
  },
  {
    "value" : 2.230280467937936,
    "date" : "2018-08-26 01:08:28 +0000",
    "unit" : "mg\/dL"
  },
  {
    "value" : 2.1065985817633233,
    "date" : "2018-08-26 01:13:28 +0000",
    "unit" : "mg\/dL"
  },
  {
    "value" : 4.9741468447377066,
    "date" : "2018-08-26 01:18:27 +0000",
    "unit" : "mg\/dL"
  },
  {
    "value" : 4.8261191053223191,
    "date" : "2018-08-26 01:23:28 +0000",
    "unit" : "mg\/dL"
  }
]