{
    "first": 1,
    "schedule": [
        {
            "i": 0,
            "offset": 0,
            "q": 0,
            "r": 100,
            "ratio": 10.0,
            "start": "00:00:00",
            "x": 0
        },
        {
            "i": 23,
            "offset": 690,
            "q": 0,
            "r": 80,
            "ratio": 9.0,
            "start": "11:30:00",
            "x": 1
        },
        {
            "i": 36,
            "offset": 1080,
            "q": 0,
            "r": 80,
            "ratio": 8.0,
            "start": "18:00:00",
            "x": 2
        },
        {
            "i": 45,
            "offset": 1350,
            "q": 0,
            "r": 90,
            "ratio": 9.0,
            "start": "22:30:00",
            "x": 3
        }
    ],
    "units": "grams"
}
